{"cameraMode":{"drawMode":0,"name":"Shaded","section":"Shading Mode"},"sceneLighting":false,"audioPlay":false,"sceneViewState":{"showFog":true,"showMaterialUpdate":false,"showSkybox":false,"showFlares":true,"showImageEffects":true,"showParticleSystems":true},"in2DMode":false,"pivot":{"x":-142.79000854492188,"y":-957.5591430664063,"z":326.41717529296877},"rotation":{"x":-0.0546925887465477,"y":-0.9421286582946777,"z":0.19297395646572114,"w":-0.26957565546035769},"size":2.8857665061950685,"orthographic":false}