{"cameraMode":{"drawMode":0,"name":"Shaded","section":"Shading Mode"},"sceneLighting":false,"audioPlay":false,"sceneViewState":{"showFog":true,"showMaterialUpdate":false,"showSkybox":false,"showFlares":true,"showImageEffects":true,"showParticleSystems":true},"in2DMode":false,"pivot":{"x":404.1673889160156,"y":35.49177932739258,"z":-2.884765625},"rotation":{"x":0.055405393242836,"y":-0.005083678290247917,"z":-0.0028746400494128467,"w":0.9988990426063538},"size":533.1951293945313,"orthographic":false}