{"cameraMode":{"drawMode":0,"name":"Shaded","section":"Shading Mode"},"sceneLighting":false,"audioPlay":false,"sceneViewState":{"showFog":true,"showMaterialUpdate":false,"showSkybox":false,"showFlares":true,"showImageEffects":true,"showParticleSystems":true},"in2DMode":false,"pivot":{"x":-1.173478126525879,"y":0.14823412895202638,"z":-1.2292215824127198},"rotation":{"x":0.12248188257217407,"y":0.7253595590591431,"z":-0.13379168510437013,"w":0.6640440225601196},"size":5.855339050292969,"orthographic":false}