{"cameraMode":{"drawMode":0,"name":"Shaded","section":"Shading Mode"},"sceneLighting":false,"audioPlay":false,"sceneViewState":{"showFog":true,"showMaterialUpdate":false,"showSkybox":false,"showFlares":true,"showImageEffects":true,"showParticleSystems":true},"in2DMode":false,"pivot":{"x":23.03500747680664,"y":-0.3845679759979248,"z":-4.003170490264893},"rotation":{"x":-0.04289338365197182,"y":-0.8008556962013245,"z":0.06200353428721428,"w":-0.5947856903076172},"size":16.080787658691408,"orthographic":false}