{"cameraMode":{"drawMode":0,"name":"Shaded","section":"Shading Mode"},"sceneLighting":false,"audioPlay":false,"sceneViewState":{"showFog":true,"showMaterialUpdate":false,"showSkybox":false,"showFlares":true,"showImageEffects":true,"showParticleSystems":true},"in2DMode":false,"pivot":{"x":15.372428894042969,"y":-9.818540573120118,"z":-24.832340240478517},"rotation":{"x":-0.06844675540924072,"y":-0.9256613254547119,"z":0.2056206911802292,"w":-0.3109126091003418},"size":43.71875,"orthographic":false}