{"cameraMode":{"drawMode":0,"name":"Shaded","section":"Shading Mode"},"sceneLighting":false,"audioPlay":false,"sceneViewState":{"showFog":true,"showMaterialUpdate":false,"showSkybox":false,"showFlares":true,"showImageEffects":true,"showParticleSystems":true},"in2DMode":false,"pivot":{"x":3.2349908351898195,"y":1.1761198043823243,"z":-4.75797176361084},"rotation":{"x":-0.3104384243488312,"y":0.5476557612419128,"z":-0.22809524834156037,"w":-0.7429359555244446},"size":5.237785339355469,"orthographic":false}