{"cameraMode":{"drawMode":0,"name":"Shaded","section":"Shading Mode"},"sceneLighting":false,"audioPlay":false,"sceneViewState":{"showFog":true,"showMaterialUpdate":false,"showSkybox":false,"showFlares":true,"showImageEffects":true,"showParticleSystems":true},"in2DMode":false,"pivot":{"x":-2.529266119003296,"y":4.640949726104736,"z":-24.029924392700197},"rotation":{"x":-0.1518591046333313,"y":-0.45057082176208498,"z":0.0787731185555458,"w":-0.8763560056686401},"size":5.917018890380859,"orthographic":false}