{"cameraMode":{"drawMode":0,"name":"Shaded","section":"Shading Mode"},"sceneLighting":false,"audioPlay":false,"sceneViewState":{"showFog":true,"showMaterialUpdate":false,"showSkybox":false,"showFlares":true,"showImageEffects":true,"showParticleSystems":true},"in2DMode":false,"pivot":{"x":-142.33139038085938,"y":-957.3909912109375,"z":325.969970703125},"rotation":{"x":-0.00604447303339839,"y":0.9926128387451172,"z":-0.10762099921703339,"w":-0.05574645847082138},"size":2.8857665061950685,"orthographic":true}