{"cameraMode":{"drawMode":0,"name":"Shaded","section":"Shading Mode"},"sceneLighting":false,"audioPlay":false,"sceneViewState":{"showFog":true,"showMaterialUpdate":false,"showSkybox":false,"showFlares":true,"showImageEffects":true,"showParticleSystems":true},"in2DMode":false,"pivot":{"x":8.657639503479004,"y":-0.03695046901702881,"z":-4.075911045074463},"rotation":{"x":-0.1434127241373062,"y":0.6784228682518005,"z":-0.13596050441265107,"w":-0.7077984809875488},"size":3.143590211868286,"orthographic":false}